{"i": {"n": 0.2346404651299769, "p": 0.02121202257449008, "r": 0.03492814882671242, "s": 0.09455896508270131, "e": 0.05655092667940783, "v": 0.02584658212858035, "c": 0.08706306876043357, "t": 0.07684688748250415, "b": 0.016755715310941745, "l": 0.06337566437728724, "a": 0.05187916664729142, "o": 0.07367554673077549, "g": 0.029685981464861823, "d": 0.035901561335063156, "m": 0.033441679725584476, "f": 0.017360223078866564, "u": 0.005700973257506359, "i": 0.0022459788608283618, "x": 0.0050763152306507135, "z": 0.015935754774448852, "w": 0.0011532148188104217, "k": 0.008746762395896788, "q": 0.0027931358917962098, "j": 0.0017251721684623648, "y": 0.0009765125481862442, "h": 0.0019235747179351256}, "n": {"f": 0.016102009656253868, "g": 0.1521685305162382, "l": 0.007271076631040317, "o": 0.054500061899063264, "i": 0.07771014731977056, "d": 0.08404861139768084, "t": 0.12775141336194445, "u": 0.016615771881318863, "e": 0.1298559815128131, "y": 0.009406594313539388, "s": 0.0859551025461148, "n": 0.029288573432922047, "a": 0.08802459456113564, "c": 0.05160318573845583, "j": 0.002958775223868279, "k": 0.016626088391862335, "v": 0.009736722650930549, "m": 0.00517682499071514, "h": 0.006850163000866587, "r": 0.005447117566954153, "w": 0.003967729955020014, "q": 0.0018404654809557215, "z": 0.0048405067469978955, "b": 0.0070028473569099985, "p": 0.004258655552345975, "x": 0.0009924483142821773}, "f": {"o": 0.13743196866225257, "a": 0.1069175304191077, "r": 0.08993136201338094, "l": 0.08267757479113946, "i": 0.1818213332408916, "t": 0.044129372205081986, "f": 0.08409886643325129, "e": 0.12488300343189933, "y": 0.013311609526120568, "m": 0.00694179637397303, "h": 0.0022012687627829585, "s": 0.020548063923458246, "u": 0.06335147502339931, "c": 0.007869102506326482, "w": 0.003587894755087184, "d": 0.005659167331091622, "x": 0.0024265954865323952, "g": 0.0038478871286442263, "p": 0.005971158179360072, "b": 0.0033019031441744377, "n": 0.00503518563455472, "j": 0.0007366450584116199, "k": 0.001499289354178944, "v": 0.0007106458210559157, "z": 0.000589316046729296, "q": 0.0005199847471140846}, "e": {"b": 0.013390388603656319, "l": 0.0686567713073984, "s": 0.13132956905145612, "r": 0.2041275757945905, "d": 0.09227350279168917, "c": 0.04059014903456546, "p": 0.01969221150903572, "n": 0.12043863209201344, "w": 0.012463109118204493, "t": 0.053558927560558835, "u": 0.010114701582810918, "e": 0.029126557888639777, "g": 0.015032172395178673, "a": 0.046821046880151096, "v": 0.015016411270780057, "f": 0.01350071647444662, "m": 0.03190839634499525, "y": 0.014898202837790447, "x": 0.019426899248325708, "o": 0.011022279662764475, "q": 0.003175866566320841, "i": 0.017531624039392305, "h": 0.005555796350511646, "k": 0.005220872457041085, "z": 0.0034779547839609544, "j": 0.0016496643537216612}, "b": {"a": 0.1490292011271212, "r": 0.09809155287810287, "s": 0.03644853937208146, "e": 0.14471390440045953, "m": 0.006767299767374071, "i": 0.10800816191221943, "l": 0.130076189278631, "n": 0.004978309203870621, "o": 0.13019621739950502, "u": 0.0879691813510594, "y": 0.01702684628970216, "c": 0.01158557147674598, "b": 0.02636617721866266, "j": 0.005292668568064518, "p": 0.005807074800381804, "t": 0.009527946547476837, "w": 0.002720637406478089, "d": 0.006395784155144919, "z": 0.0009659405917957922, "h": 0.005938534170862888, "k": 0.0013317405792214177, "g": 0.0037608811207197113, "f": 0.0034122280077046622, "q": 0.0004915437331031842, "v": 0.0016518155682188399, "x": 0.0014460530752919256}, "a": {"y": 0.019475132412595877, "d": 0.04263478923221361, "c": 0.0556339566714101, "h": 0.009251167651765205, "r": 0.12869854803757744, "s": 0.0659007304097262, "x": 0.005513501065795922, "q": 0.0018909758675460713, "t": 0.12576982350891902, "l": 0.11295517752440112, "p": 0.029939713150327413, "v": 0.01875180831025585, "i": 0.03417337340647272, "b": 0.03365818950501013, "g": 0.02961200304681826, "n": 0.1510507389715217, "m": 0.052730327060587986, "u": 0.022542617075172564, "z": 0.0071240043222305545, "f": 0.010866099423112124, "w": 0.00992430191843266, "k": 0.01573156114007688, "a": 0.004804938679830181, "o": 0.0028637729766115365, "e": 0.006089208004393087, "j": 0.0024135406271958053}, "h": {"o": 0.15990630389456614, "i": 0.14448248346160777, "a": 0.21230404901027053, "t": 0.037550516100800534, "p": 0.006512394141419342, "u": 0.04629720198718114, "e": 0.2149244510798219, "r": 0.03620170403356586, "s": 0.016721151123581045, "n": 0.012751936986795026, "y": 0.03621714844654946, "w": 0.008937166979845042, "d": 0.0054158408195835155, "l": 0.016674817884630235, "m": 0.014775155087647044, "v": 0.0015804782619887256, "z": 0.000427295425879688, "b": 0.007603799325593966, "c": 0.006074802440217251, "q": 0.0005302581791037092, "h": 0.00363973332646915, "k": 0.002692475996808155, "g": 0.0023218100852016783, "f": 0.004329583773070092, "j": 0.0005611470050709156, "x": 0.0005662951427321167}, "o": {"t": 0.04780427372130782, "w": 0.030571650622898343, "a": 0.017665458574759343, "r": 0.13939418423016844, "n": 0.2071031187238856, "o": 0.04382795847857368, "g": 0.03160853205290981, "k": 0.014839523842501751, "s": 0.056986156959609714, "u": 0.06086821025416099, "m": 0.05840393360880907, "v": 0.021168540363350953, "d": 0.031918249882653495, "c": 0.03525589233361804, "p": 0.039968989742761064, "x": 0.00926267919388721, "l": 0.07451503189516533, "i": 0.017034480635902644, "f": 0.013340951237717091, "z": 0.0027701470486391653, "e": 0.009372330847895842, "y": 0.008048816146879353, "b": 0.019679586324707402, "h": 0.005817308802142247, "j": 0.0018486884123209985, "q": 0.00092530606277461}, "t": {"e": 0.2010181354065868, "o": 0.10166964196336215, "i": 0.19394832994093897, "r": 0.08870833194300777, "t": 0.041684740898928895, "m": 0.006832059795121625, "y": 0.02810821181887951, "s": 0.05342604024158297, "u": 0.03416238446394608, "a": 0.10964454936767994, "d": 0.0029739063699155796, "h": 0.0655260435783643, "x": 0.0007257499416063266, "c": 0.014308535486669558, "w": 0.007762187593846975, "l": 0.01695502018752711, "f": 0.005169925589776102, "p": 0.004953034802629383, "n": 0.0044441756481697755, "z": 0.005749691347725984, "b": 0.005019770429443758, "k": 0.0016517067636557777, "g": 0.002481731122159565, "v": 0.0025860055390570257, "j": 0.0003378491107477727, "q": 0.00015224064867029263}, "l": {"s": 0.03240509380752318, "o": 0.09791340728110114, "i": 0.16848690009517614, "l": 0.11970849478540163, "e": 0.2072680426610147, "y": 0.055036425595604316, "a": 0.14272655816418012, "r": 0.002998425449952161, "t": 0.028703520010848575, "f": 0.007596513388697895, "c": 0.008445313892955709, "p": 0.007669339467465577, "u": 0.036782192265870435, "b": 0.009032945011288042, "g": 0.005630209261970473, "d": 0.03052417198004063, "k": 0.007518664821739338, "w": 0.003259594835877642, "v": 0.008638679688304382, "m": 0.011840515909986967, "h": 0.0022149172921757166, "n": 0.00325206110359133, "z": 0.0012857569768639082, "j": 0.0003691528820292861, "x": 0.0005122937954692134, "q": 0.0001808095748714871}, "d": {"v": 0.00980333989019164, "o": 0.0944780908132482, "i": 0.1890839719043946, "e": 0.26287829345211744, "a": 0.10312675426385955, "s": 0.05667955218635474, "f": 0.008822093113473203, "u": 0.04360843233276589, "c": 0.00955688721138794, "m": 0.014202976600687329, "j": 0.004577630311853918, "l": 0.027159997991867062, "d": 0.026461715401923245, "r": 0.04887978129606725, "b": 0.012363709386652306, "n": 0.009287614840102414, "t": 0.009296742717095144, "g": 0.019095518668790418, "y": 0.018420055771328426, "w": 0.010337320694266324, "h": 0.009182644254686024, "p": 0.007466603380052851, "x": 0.0011683682550693948, "k": 0.002478218603526099, "q": 0.0005568004965565085, "z": 0.0010268861616820851}, "v": {"d": 0.007671731221913118, "e": 0.4080890220415151, "a": 0.16881018617590413, "i": 0.25624866252942435, "s": 0.012336828589771025, "o": 0.07612882516584635, "h": 0.0018617590413010914, "g": 0.003102931735501819, "b": 0.0032955274983950352, "t": 0.0044832013695698695,